Annual Distance (miles/vehicle),2020.0
LDVs,12074.256517178
HDVs,11911.374262952
aircraft,1831180.596769051
rail,281324.046511628
ships,206.3248273
motorbikes,2052.61297262
