Annual Distance (miles/vehicle),2020.0
LDVs,10853.061513447
HDVs,43489.674066906
aircraft,1036322.17298719
rail,24058.200571458
ships,0.0
motorbikes,0.0
