Annual Distance (miles/vehicle),2020.0
LDVs,10534.265022694
HDVs,43765.64372258
aircraft,1429901.067803558
rail,23350.028047167
ships,0.0
motorbikes,0.0
