Annual Distance (miles/vehicle),2020.0
LDVs,12025.477614732
HDVs,21690.221368138
aircraft,1066236.5539398
rail,330852.258064516
ships,219.757220917
motorbikes,2370.885893711
