Annual Distance (miles/vehicle),2020.0
LDVs,11991.561388856
HDVs,21814.464021249
aircraft,1865758.631867056
rail,281324.046511628
ships,219.331914356
motorbikes,2363.647736352
