Annual Distance (miles/vehicle),2020.0
LDVs,10821.974224986
HDVs,43738.886116814
aircraft,1813412.49421138
rail,24196.375620154
ships,0.0
motorbikes,0.0
