Unit: dimensionless (ratio of electricity demand in this hour to annual demand),Hour0,Hour1,Hour2,Hour3,Hour4,Hour5,Hour6,Hour7,Hour8,Hour9,Hour10,Hour11,Hour12,Hour13,Hour14,Hour15,Hour16,Hour17,Hour18,Hour19,Hour20,Hour21,Hour22,Hour23
Winter,0,0,0,0,0.0,0.0,0.00497303464011616,0.1012359123280094,0.262953744036507,0.3171005323930028,0.31246283620272397,0.30473449491806676,0.29867938878517586,0.40158680771624133,0.3808252091543939,0.27291018460900224,0.07698437391965704,0.02059911498306022,0.0,0,0,0,0,0
Spring,0,0,0,0,0.00015106012643958044,0.010204449735306584,0.21703281837612617,0.3819476385018443,0.45500437397978055,0.48304970103622724,0.4723154135440058,0.4645414536042493,0.46251679698420856,0.5547739509212414,0.5415099699683451,0.5244920321419876,0.3928465138930224,0.2182322808726315,0.022755968002308738,0,0,0,0,0
Summer,0,0,0,0,0.0005005275831281621,0.018127215172749657,0.2940712282315593,0.41184627039311705,0.46042450150158276,0.48432582091032916,0.49027353156029363,0.4901991288114501,0.49270853061334907,0.5843118422120614,0.5421773400791826,0.5075282054056978,0.43457518285039165,0.23447011715050986,0.05858427351352323,0,0,0,0,0
Fall,0,0,0,0,0.0,0.0,0.14101557054008929,0.36122700888530707,0.4414770080352011,0.4562450481329974,0.43682862884715445,0.4311805250934268,0.4319898259323113,0.534101149003166,0.5322717210564435,0.4572243701565216,0.2260499658257418,0.0775228593482748,0.0,0,0,0,0,0
Summer Peak,0,0,0,0,0.0,0.0,0.015764364239784275,0.07114706492428956,0.07031736154324829,0.32648828043974276,0.45198091682223607,0.466915577680979,0.4673304293714997,0.5511304708566687,0.5509230450114084,0.5166977805434557,0.41215515453225465,0.01451980916822236,0.0008297033810412777,0,0,0,0,0
Winter Peak,0,0,0,0,0.0,0.0,0.0,0.07944409873470233,0.33810412777432064,0.20950010371292263,0.1449906658369633,0.29039618336444717,0.3159095623314665,0.4231487243310516,0.2422733872640531,0.02074258452603194,0.0,0.0,0.0,0,0,0,0,0
