solar pv dist,Hour0,Hour1,Hour2,Hour3,Hour4,Hour5,Hour6,Hour7,Hour8,Hour9,Hour10,Hour11,Hour12,Hour13,Hour14,Hour15,Hour16,Hour17,Hour18,Hour19,Hour20,Hour21,Hour22,Hour23
Winter,0,0,0,0,0.0,0.0,0.004884427730129958,0.09999909814849889,0.25897206965901,0.31405535564513937,0.31265027100637593,0.30273892300893723,0.2961950885167248,0.39792574154739685,0.37713986814931044,0.2710406464471559,0.07687201825347437,0.021494728677975885,0.0,0,0,0,0,0
Spring,0,0,0,0,0.00015106012643958044,0.010204449735306584,0.21703281837612617,0.3819476385018443,0.45500437397978055,0.48304970103622724,0.4723154135440058,0.4645414536042493,0.46251679698420856,0.5547739509212414,0.5415099699683451,0.5244920321419876,0.3928465138930224,0.2182322808726315,0.022755968002308738,0,0,0,0,0
Summer,0,0,0,0,0.0005221409208277006,0.018696936534843965,0.29940847871024034,0.4160294878488986,0.4639639317449759,0.48586523995832426,0.49057881347648136,0.4905001347075893,0.4927961242361601,0.5843901322518579,0.5398794069051349,0.5045979395699369,0.4330789386472495,0.23887351076587807,0.06122161901832736,0,0,0,0,0
Fall,0,0,0,0,0.0,0.0,0.14101557054008929,0.36122700888530707,0.4414770080352011,0.4562450481329974,0.43682862884715445,0.4311805250934268,0.4319898259323113,0.534101149003166,0.5322717210564435,0.4572243701565216,0.2260499658257418,0.0775228593482748,0.0,0,0,0,0,0
Summer Peak,0,0,0,0,0.0,0.0,0.015764364239784275,0.07114706492428956,0.07031736154324829,0.32648828043974276,0.45198091682223607,0.466915577680979,0.4673304293714997,0.5511304708566687,0.5509230450114084,0.5166977805434557,0.41215515453225465,0.01451980916822236,0.0008297033810412777,0,0,0,0,0
Winter Peak,0,0,0,0,0.0,0.0,0.0,0.07944409873470233,0.33810412777432064,0.20950010371292263,0.1449906658369633,0.29039618336444717,0.3159095623314665,0.4231487243310516,0.2422733872640531,0.02074258452603194,0.0,0.0,0.0,0,0,0,0,0
