solar pv,Hour0,Hour1,Hour2,Hour3,Hour4,Hour5,Hour6,Hour7,Hour8,Hour9,Hour10,Hour11,Hour12,Hour13,Hour14,Hour15,Hour16,Hour17,Hour18,Hour19,Hour20,Hour21,Hour22,Hour23
Winter,0,0,0,0,0.0,0.0,0.00020840753544183722,0.16755208003940286,0.46869244299004426,0.5460566357204817,0.542752902630239,0.5320511756853006,0.5251154676364942,0.5429769407308388,0.5371069530337236,0.3898821861557343,0.09331731591502053,0.0003779754847331503,0.0,0,0,0,0,0
Spring,0,0,0,0,7.69686920665876e-06,0.09000718850266759,0.391127658006744,0.698189518471499,0.8211393071786655,0.846566210636294,0.849145253887387,0.8415324581751396,0.8295697472274055,0.8280487274587973,0.8070723906032038,0.7619343971741844,0.6148839347803828,0.25799431927230526,0.02066846208732698,0,0,0,0,0
Summer,0,0,0,0,6.386155670670717e-05,0.1648216691104656,0.5024295452026325,0.7066932387038082,0.796001121383365,0.8290357029178353,0.8343700211839256,0.8323389732431747,0.8213303678355863,0.7981066744736068,0.7605460616309719,0.7030055468508426,0.6158983835028937,0.3803819711181032,0.0940956211514806,0,0,0,0,0
Fall,0,0,0,0,0.0,0.00017948361332854206,0.21250145455459254,0.6233144427712213,0.7557706705477851,0.768669380968336,0.7453106155899214,0.7175004780102989,0.717027212761224,0.7329708939352594,0.7378589203002364,0.6536418157039439,0.3298167661739485,0.04069545370067152,0.0,0,0,0,0,0
Summer Peak,0,0,0,0,0.0,0.0035405598350630304,0.1372103111465196,0.3214283628724145,0.4535729499472285,0.5723723499514203,0.6785346748520026,0.7247798333130566,0.7306081395030835,0.833502255325146,0.8216822324911663,0.6087039408742979,0.5226955719579206,0.22539748611524338,0.0009259925722472541,0,0,0,0,0
Winter Peak,0,0,0,0,0.0,0.0,0.0,0.11547672077436345,0.40542133619037124,0.689265294659809,0.5960123956193796,0.5669253348205541,0.5973196792507875,0.585663066870734,0.4933906305538604,0.15404158790089614,0.0004902313617779581,0.0,0.0,0,0,0,0,0
