Unit: dimensionless (ratio of electricity demand in this hour to annual demand),Hour0,Hour1,Hour2,Hour3,Hour4,Hour5,Hour6,Hour7,Hour8,Hour9,Hour10,Hour11,Hour12,Hour13,Hour14,Hour15,Hour16,Hour17,Hour18,Hour19,Hour20,Hour21,Hour22,Hour23
Winter,0,0,0,0,0.0,0.0,0.00021514867324984823,0.17079724536143126,0.4802670050201357,0.5607372060094518,0.5551185156580426,0.5429074492929516,0.5365941229473531,0.5549383056582261,0.5501259631121163,0.3987224398227324,0.09468748276052305,0.00036685607105422846,0.0,0,0,0,0,0
Spring,0,0,0,0,7.795241784414791e-06,0.09115755742694662,0.39612660432072266,0.7071129782380836,0.8316341705023249,0.8573860515541313,0.859998057185894,0.8522879634271243,0.8401723587921933,0.8386318990887963,0.8173874666903321,0.7716725710626231,0.6227426778694285,0.2612917075417165,0.020932622727087388,0,0,0,0,0
Summer,0,0,0,0,6.11626663084853e-05,0.16188378613694202,0.5006134255650352,0.7088309296005719,0.801235126079041,0.8360984455088611,0.8430164227755381,0.8422285037213285,0.831794872409881,0.8111242897335464,0.7747924666783397,0.7141970541181664,0.6242795397689251,0.38099004367733924,0.09161327925434314,0,0,0,0,0
Fall,0,0,0,0,0.0,0.00018177756756292357,0.2152174050664392,0.6312809349697535,0.7654300667331679,0.7784936337154882,0.7548363233180826,0.7266707483719149,0.7261914343877942,0.74233888945663,0.747289388983194,0.6619959176918407,0.3340321068020081,0.04121557643837154,0.0,0,0,0,0,0
Summer Peak,0,0,0,0,0.0,0.003585811220830805,0.13896397638881228,0.32553649252496275,0.45937000055166327,0.5796877585921553,0.6872069288906052,0.7340431400673029,0.7399459370000552,0.8441551277100457,0.8321840348651183,0.6164836983505269,0.5293760688475755,0.22827825895073647,0.0009378275500634412,0,0,0,0,0
Winter Peak,0,0,0,0,0.0,0.0,0.0,0.11695261212555856,0.41060296794836426,0.6980746952060463,0.6036299442820102,0.5741711259447233,0.6049539361173939,0.5931483422518895,0.4996965852043912,0.15601037126937717,0.0004964969382688807,0.0,0.0,0,0,0,0,0
