solar pv,Hour0,Hour1,Hour2,Hour3,Hour4,Hour5,Hour6,Hour7,Hour8,Hour9,Hour10,Hour11,Hour12,Hour13,Hour14,Hour15,Hour16,Hour17,Hour18,Hour19,Hour20,Hour21,Hour22,Hour23
Winter,0,0,0,0,0.0,0.0,0.00020840481516324483,0.1675498930343338,0.4686863252936933,0.54604950821344,0.5427458182457956,0.5320442309871628,0.5251086134679914,0.5429698534220958,0.5370999423441002,0.3898770971450979,0.09331609787318608,0.00037797055113697583,0.0,0,0,0,0,0
Spring,0,0,0,0,7.696768741824382e-06,0.09000601366689436,0.3911225527393518,0.6981804052213638,0.8211285891032659,0.8465551606714501,0.8491341702590955,0.8415214739142972,0.8295589191121001,0.8280379191968888,0.8070618561388813,0.761924451882019,0.6148759088920625,0.2579909517528814,0.020668192308334415,0,0,0,0,0
Summer,0,0,0,0,6.386072314171529e-05,0.16481951774459921,0.5024229871464033,0.7066840144572637,0.7959907314288682,0.8290248817732438,0.8343591304121406,0.8323281089820255,0.8213196472663316,0.798096257035982,0.7605361344603175,0.7029963707385903,0.6158903443732903,0.38037700611081215,0.09409439295067051,0,0,0,0,0
Fall,0,0,0,0,0.0,0.00017948127058488842,0.2124986808393502,0.6233063068421081,0.7557608057088219,0.7686593477665267,0.7453008872827948,0.7174911127002287,0.7170178536285376,0.7329613266946728,0.7378492892577654,0.6536332839210859,0.32981246117851476,0.04069492251560053,0.0,0,0,0,0,0
Summer Peak,0,0,0,0,0.0,0.0035405136212392162,0.13720852018310134,0.32142416736819407,0.453567029600907,0.5723648789535642,0.6785258181504141,0.7247703729878309,0.730598603102794,0.8334913758800382,0.8216715073291319,0.6086959956515114,0.5226887493755619,0.22539454407212117,0.0009259804855548719,0,0,0,0,0
Winter Peak,0,0,0,0,0.0,0.0,0.0,0.11547521349272521,0.4054160443520536,0.6892562978947853,0.5960046160553769,0.5669179349208886,0.5973118826232191,0.5856554223932932,0.49338419047976645,0.15403957724406928,0.0004902249629408146,0.0,0.0,0,0,0,0,0
