solar pv,Hour0,Hour1,Hour2,Hour3,Hour4,Hour5,Hour6,Hour7,Hour8,Hour9,Hour10,Hour11,Hour12,Hour13,Hour14,Hour15,Hour16,Hour17,Hour18,Hour19,Hour20,Hour21,Hour22,Hour23
Winter,0,0,0,0,0.0,0.0,0.0001943579053277624,0.1562566883233272,0.437095910516726,0.5092446570319761,0.5061636425100191,0.4961833640714384,0.4897152213266329,0.5063725772582462,0.500898310165685,0.3635985851720085,0.08702640244557833,0.00035249456466262364,0.0,0,0,0,0,0
Spring,0,0,0,0,7.177990821763951e-06,0.08393942466970768,0.36476009451759783,0.6511216211267498,0.7657828465136065,0.7894956152698742,0.7919007943483055,0.7848012092724409,0.7736449550759992,0.7722264736589906,0.7526642400571231,0.7105691889594583,0.5734320178502378,0.24060183512040656,0.019275113968996758,0,0,0,0,0
Summer,0,0,0,0,5.955638008084255e-05,0.15371034590002083,0.4685586525138705,0.6590520697467622,0.7423393317455034,0.7731469129435964,0.7781216223385848,0.7762274958975822,0.7659610269665876,0.7443029406299336,0.7092744469651308,0.6556129807401334,0.5743780783098639,0.3547388196603502,0.08775223884656692,0,0,0,0,0
Fall,0,0,0,0,0.0,0.00016738386667851076,0.19817583610291173,0.5812941897744657,0.7048209851165399,0.7168501391173908,0.6950660865380716,0.6691307475140141,0.6686893870695388,0.6835582375150353,0.6881167414264686,0.6095770667098002,0.3075824282439868,0.03795200169157438,0.0,0,0,0,0,0
Summer Peak,0,0,0,0,0.0,0.003301875778011418,0.1279603859201656,0.29975952255454424,0.4229956862077089,0.533786318082215,0.6327917933336652,0.6759193708033835,0.6813547663148792,0.7773123562327803,0.7662891709431113,0.5676686433735015,0.4874584610122703,0.21020249183709613,0.000863567511172217,0,0,0,0,0
Winter Peak,0,0,0,0,0.0,0.0,0.0,0.10769194845206471,0.37809017562675357,0.6427990168454845,0.5558326886615529,0.5287065091929667,0.5570518427949724,0.5461810517719811,0.4601290891881142,0.14365699538794294,0.0004571828000323502,0.0,0.0,0,0,0,0,0
