solar pv,Hour0,Hour1,Hour2,Hour3,Hour4,Hour5,Hour6,Hour7,Hour8,Hour9,Hour10,Hour11,Hour12,Hour13,Hour14,Hour15,Hour16,Hour17,Hour18,Hour19,Hour20,Hour21,Hour22,Hour23
Winter,0,0,0,0,0.0,0.0,0.00021107116216261592,0.16969353906375545,0.4746827336593744,0.5530357070044445,0.5496897493769805,0.53885124519993,0.5318268928645955,0.549916650876305,0.5439716397111203,0.39486521427320775,0.09450999110143175,0.000382806335013108,0.0,0,0,0,0,0
Spring,0,0,0,0,7.795241784414791e-06,0.09115755742694662,0.39612660432072266,0.7071129782380836,0.8316341705023249,0.8573860515541313,0.859998057185894,0.8522879634271243,0.8401723587921933,0.8386318990887963,0.8173874666903321,0.7716725710626231,0.6227426778694285,0.2612917075417165,0.020932622727087388,0,0,0,0,0
Summer,0,0,0,0,6.467776207334077e-05,0.16692823114563973,0.5088510249205955,0.7157253832950023,0.8061746971717427,0.8396314889391512,0.8450339843593955,0.8429769778871804,0.8318276730780084,0.8083071610330432,0.7702664914026134,0.7119905595831204,0.6237700921150833,0.3852435783542552,0.09529824374512141,0,0,0,0,0
Fall,0,0,0,0,0.0,0.00018177756756292357,0.2152174050664392,0.6312809349697535,0.7654300667331679,0.7784936337154882,0.7548363233180826,0.7266707483719149,0.7261914343877942,0.74233888945663,0.747289388983194,0.6619959176918407,0.3340321068020081,0.04121557643837154,0.0,0,0,0,0,0
Summer Peak,0,0,0,0,0.0,0.07411044298560159,0.3572791967782865,0.5888674353174822,0.7152865890660342,0.7746234898218128,0.8079108512164175,0.829205053235505,0.8312241407844652,0.8601423291223036,0.8535444364759749,0.7525900590279693,0.6331439289457714,0.3069785402990015,0.027494897114801124,0,0,0,0,0
Winter Peak,0,0,0,0,0.0,0.0,0.00030893142825619236,0.19618249020797704,0.6087052463176478,0.7378716831246208,0.6799801401224692,0.6362001434324488,0.6462404148507751,0.6704363656424118,0.691675401335025,0.4874386274617973,0.09876979091962267,0.0,0.0,0,0,0,0,0
